"int","exp_modulo","LIST_ID","INCHIKEY","FORMULA","SMILES","NumHDonors","NumHAcceptors","TYPE","MD","KMD","modulo","parent","rep_unit","rep_mass","rep_num","residual","residual_charge","residual_mass","MONOISOTOPIC_MASS","HS_num","Homologues","exp_KMD","mz","ret","PREFERRED_NAME","ACRONYM"
1989,0.969182031514038,NA,NA,NA,NA,NA,NA,NA,NA,NA,NA,NA,NA,NA,NA,NA,NA,NA,NA,1,3,0.0307560617125091,600.930859311514,632.43,NA,NA
1936.5,0.964197753119947,NA,NA,NA,NA,NA,NA,NA,NA,NA,NA,NA,NA,NA,NA,NA,NA,NA,NA,1,3,0.0357406584787441,700.91948791312,751.181,NA,NA
1300,0.967448023253951,NA,NA,NA,NA,NA,NA,NA,NA,NA,NA,NA,NA,NA,NA,NA,NA,NA,NA,1,3,0.032490180732907,750.919544623254,779.486,NA,NA
1960,1.96662690773502,"PFASMASTER_Chemical List -2024-01-11.csv","SXDBUDJENJXVBJ-UHFFFAOYSA-N","C10H3Cl2F7N2O3","[O-][N+](=O)C1=CC(Cl)=C(NC(=O)C(F)(C(F)(F)F)C(F)(F)F)C=C1Cl",1,3,"Suspect",-0.059105,0.033430913,1.96644348,"C10H3Cl2F7N2O3","CF2",49.99680644,3,"C7H3F1N2O3Cl2","neutral",251.9504755,401.940895,2,5,0.0332474734209995,401.941078427735,286.0085,"N-(2,5-Dichloro-4-nitrophenyl)-2,3,3,3-tetrafluoro-2-(trifluoromethyl)propanamide",NA
775,1.96419060834,NA,NA,NA,NA,NA,NA,NA,NA,NA,NA,NA,NA,NA,NA,NA,NA,NA,NA,2,5,0.0356839284353327,451.93544856834,387.72,NA,NA
714.5,1.96337625735697,NA,NA,NA,NA,NA,NA,NA,NA,NA,NA,NA,NA,NA,NA,NA,NA,NA,NA,2,5,0.0364983314352685,501.931440657357,522.432,NA,NA
1189,1.96366839209998,NA,NA,NA,NA,NA,NA,NA,NA,NA,NA,NA,NA,NA,NA,NA,NA,NA,NA,2,5,0.0362061780319891,551.9285392321,602.458,NA,NA
709,1.96376108285199,NA,NA,NA,NA,NA,NA,NA,NA,NA,NA,NA,NA,NA,NA,NA,NA,NA,NA,2,5,0.0361134813595072,751.915857682852,780.718,NA,NA
713,3.51143428495902,NA,NA,NA,NA,NA,NA,NA,NA,NA,NA,NA,NA,NA,NA,NA,NA,NA,NA,3,3,0.488341421193581,553.476305124959,641.973,NA,NA
4834,3.51041621320496,NA,NA,NA,NA,NA,NA,NA,NA,NA,NA,NA,NA,NA,NA,NA,NA,NA,NA,3,3,0.489359557977195,653.468899933205,723.3235,NA,NA
541.5,3.51261123803795,NA,NA,NA,NA,NA,NA,NA,NA,NA,NA,NA,NA,NA,NA,NA,NA,NA,NA,3,3,0.487164392936393,753.464707838038,785.647,NA,NA
538,7.62337036272402,NA,NA,NA,NA,NA,NA,NA,NA,NA,NA,NA,NA,NA,NA,NA,NA,NA,NA,4,3,0.3761426923611,857.569079842724,598.372,NA,NA
20664,7.62436300910497,NA,NA,NA,NA,NA,NA,NA,NA,NA,NA,NA,NA,NA,NA,NA,NA,NA,NA,4,3,0.375149982574612,907.566878929105,832.432,NA,NA
1058.5,7.62288662130004,NA,NA,NA,NA,NA,NA,NA,NA,NA,NA,NA,NA,NA,NA,NA,NA,NA,NA,4,3,0.37662646468425,1057.5558218613,838.585,NA,NA
3393,8.00736294849298,"PFASMASTER_Chemical List -2024-01-11.csv","BKOBFLVYTXYFQZ-OWOJBTEDSA-N","C8H2F12O2","OC(=O)\C=C(\F)C(F)(F)C(F)(F)C(F)(F)C(F)(F)C(F)(F)F",1,1,"Suspect",-0.013683,-0.009183476,8.00867192,"C8H2F12O2","CF2",49.99680644,6,"C2H2O2","neutral",58.0054793,357.986317,5,3,-0.00787442104166303,357.985008028493,265.874,"(2E)-3,4,4,5,5,6,6,7,7,8,8,8-Dodecafluoro-2-octenoic acid",NA
2217,8.00611389814202,"PFASMASTER_Chemical List -2024-01-11.csv","XLWPSCROLZWCFY-UHFFFAOYNA-N","C9H4F14O5","OC(=O)COC(F)(F)C(F)OC(F)(F)C(F)(F)OC(F)(F)C(F)(F)C(F)(F)F",1,4,"Suspect",-0.016482,-0.012771825,8.01226004,"C9H4F14O5","CF2",49.99680644,7,"C2H4O5","neutral",108.0058732,457.983518,5,3,-0.00662529090726593,457.977371858142,470.671,"2-[1,1,2-Trifluoro-2-[1,1,2,2-tetrafluoro-2-(1,1,2,2,3,3,3-heptafluoropropoxy)ethoxy]ethoxy]acetic acid",NA
3015,8.00522786225702,"OECDPFAS_list_22012019.csv","OGNPKTMXAFCAFU-UHFFFAOYSA-N","C12H2F20O2","OC(=O)C=C(F)C(F)(F)C(F)(F)C(F)(F)C(F)(F)C(F)(F)C(F)(F)C(F)(F)C(F)(F)C(F)(F)F",1,1,"Suspect",-0.0264574,-0.009183316,8.00867176,"C12H2F20O2","CF2",49.99680644,10,"C2H2O2","neutral",58.0054793,557.9735426,5,3,-0.0057391984264541,557.970098702257,625.616,"3,4,4,5,5,6,6,7,7,8,8,9,9,10,10,11,11,12,12,12-Icosafluorododec-2-enoic acid",NA
13397,13.997930627551,"TargetsList_20240719.csv","ZWBAMYVPMDSJGQ-UHFFFAOYSA-N","C7HF13O2","OC(=O)C(F)(F)C(F)(F)C(F)(F)C(F)(F)C(F)(F)C(F)(F)F",NA,NA,"Target",NA,NA,NA,NA,NA,NA,NA,NA,NA,NA,363.9768954,6,9,0.00117525071362934,363.975575707551,267.375,"Perfluoroheptanoic acid","PFHpA"
8119,13.997726039496,"TargetsList_20240719.csv","SNGREZUHAYWORS-UHFFFAOYSA-N","C8HF15O2","OC(=O)C(F)(F)C(F)(F)C(F)(F)C(F)(F)C(F)(F)C(F)(F)C(F)(F)F",NA,NA,"Target",NA,NA,NA,NA,NA,NA,NA,NA,NA,NA,413.9737017,6,9,0.00137985183681621,413.972177559496,342.444,"Perfluorooctanoic acid","PFOA"
5850,13.996867047977,"TargetsList_20240719.csv","UZUFPBIDKMEQEQ-UHFFFAOYSA-N","C9HF17O2","OC(=O)C(F)(F)C(F)(F)C(F)(F)C(F)(F)C(F)(F)C(F)(F)C(F)(F)C(F)(F)F",NA,NA,"Target",NA,NA,NA,NA,NA,NA,NA,NA,NA,NA,463.970508,6,9,0.00223889822410683,463.968125007977,468.212,"Perfluorononanoic acid","PFNA"
9760.5,13.996870305878,"TargetsList_20240719.csv","PCIUEQPBYFRTEM-UHFFFAOYSA-N","C10HF19O2","OC(=O)C(F)(F)C(F)(F)C(F)(F)C(F)(F)C(F)(F)C(F)(F)C(F)(F)C(F)(F)C(F)(F)F",NA,NA,"Target",NA,NA,NA,NA,NA,NA,NA,NA,NA,NA,513.9673144,6,9,0.00223564011503186,513.964934705878,575.218,"Perfluorodecanoic acid","PFDA"
10211.5,13.995729435669,"TargetsList_20240719.csv","SIDINRCMMRKXGQ-UHFFFAOYSA-N","C11HF21O2","OC(=O)C(F)(F)C(F)(F)C(F)(F)C(F)(F)C(F)(F)C(F)(F)C(F)(F)C(F)(F)C(F)(F)C(F)(F)F",NA,NA,"Target",NA,NA,NA,NA,NA,NA,NA,NA,NA,NA,563.9641207,6,9,0.0033765831974506,563.960600275669,624.254,"Perfluoroundecanoic acid","PFUdA"
7240,13.995043854422,"TargetsList_20240719.csv","CXGONMQFMIYUJR-UHFFFAOYSA-N","C12HF23O2","OC(=O)C(F)(F)C(F)(F)C(F)(F)C(F)(F)C(F)(F)C(F)(F)C(F)(F)C(F)(F)C(F)(F)C(F)(F)C(F)(F)F",NA,NA,"Target",NA,NA,NA,NA,NA,NA,NA,NA,NA,NA,613.960927,6,9,0.00406220823617787,613.956721134422,641.973,"Perfluorododecanoic acid","PFDoA"
7062,13.994904335914,"TargetsList_20240719.csv","LVDGGZAZAYHXEY-UHFFFAOYSA-N","C13HF25O2","OC(=O)C(F)(F)C(F)(F)C(F)(F)C(F)(F)C(F)(F)C(F)(F)C(F)(F)C(F)(F)C(F)(F)C(F)(F)C(F)(F)C(F)(F)F",NA,NA,"Target",NA,NA,NA,NA,NA,NA,NA,NA,NA,NA,663.9577333,6,9,0.00420173565578352,663.953388055914,703.788,"Perfluorotridecanoic acid","PFTrDA"
15932,13.994208697007,"TargetsList_20240719.csv","RUDINRUXCKIXAJ-UHFFFAOYSA-N","C14HF27O2","OC(=O)C(F)(F)C(F)(F)C(F)(F)C(F)(F)C(F)(F)C(F)(F)C(F)(F)C(F)(F)C(F)(F)C(F)(F)C(F)(F)C(F)(F)C(F)(F)F",NA,NA,"Target",NA,NA,NA,NA,NA,NA,NA,NA,NA,NA,713.9545397,6,9,0.00489741899707496,713.949498857007,769.635,"Perfluorotetradecanoic acid","PFTeDA"
5305,13.993218054885,"TargetsList_20240719.csv","OJMBMWRMTMHMSZ-UHFFFAOYSA-N","C16HF31O2","OC(=O)C(F)(F)C(F)(F)C(F)(F)C(F)(F)C(F)(F)C(F)(F)C(F)(F)C(F)(F)C(F)(F)C(F)(F)C(F)(F)C(F)(F)C(F)(F)C(F)(F)C(F)(F)F",NA,NA,"Target",NA,NA,NA,NA,NA,NA,NA,NA,NA,NA,813.9481523,6,9,0.0058881243965061,813.942121094885,818.894,"Perfluorohexadecanoic acid","PFHxDA"
1016,15.001471274258,NA,NA,NA,NA,NA,NA,NA,NA,NA,NA,NA,NA,NA,NA,NA,NA,NA,NA,7,9,-0.00242949743289955,364.979116354258,267.375,NA,NA
745,15.00087641702,"PFASMASTER_Chemical List -2024-01-11.csv","PQKKESZYSLDJMD-UHFFFAOYSA-N","C8H6F9NO6S","OC(=O)CN(CC(O)=O)S(=O)(=O)C(F)(F)C(F)(F)C(F)(F)C(F)(F)F",2,4,"Suspect",-0.022788,-0.003718786,15.00276048,"C8H6F9NO6S","CF2",49.99680644,4,"C4H6F1N1O6S1","neutral",214.9899861,414.977212,7,9,-0.00183460219824383,414.97532793702,342.444,"2,2'-(((Nonafluorobutyl)sulfonyl)imino)diacetic acid",NA
548.5,14.999830405342,NA,NA,NA,NA,NA,NA,NA,NA,NA,NA,NA,NA,NA,NA,NA,NA,NA,NA,7,9,-0.00078852370597815,464.971088365342,468.212,NA,NA
1145,14.99989352958,NA,NA,NA,NA,NA,NA,NA,NA,NA,NA,NA,NA,NA,NA,NA,NA,NA,NA,7,9,-0.000851651976063295,514.96795792958,576.578,NA,NA
1136,14.998810216579,NA,NA,NA,NA,NA,NA,NA,NA,NA,NA,NA,NA,NA,NA,NA,NA,NA,NA,7,9,0.000231730221798898,564.963681056579,624.254,NA,NA
839,14.9983124959761,NA,NA,NA,NA,NA,NA,NA,NA,NA,NA,NA,NA,NA,NA,NA,NA,NA,NA,7,9,0.000729482616861787,614.959989775976,643.336,NA,NA
1100,14.998703080822,NA,NA,NA,NA,NA,NA,NA,NA,NA,NA,NA,NA,NA,NA,NA,NA,NA,NA,7,9,0.000338872822226222,664.957186800822,705.09,NA,NA
1940,14.998183774581,NA,NA,NA,NA,NA,NA,NA,NA,NA,NA,NA,NA,NA,NA,NA,NA,NA,NA,7,9,0.000858212234106759,714.953473934581,769.635,NA,NA
803.5,14.998800321606,NA,NA,NA,NA,NA,NA,NA,NA,NA,NA,NA,NA,NA,NA,NA,NA,NA,NA,7,9,0.00024162582678855,814.947703361606,818.894,NA,NA
1430,20.00524816723,"PFASMASTER_Chemical List -2024-01-11.csv","PJOMFELBFMPOEI-UHFFFAOYSA-N","C6H2F6O2","OC(=O)C#CC(F)(F)C(F)(F)C(F)F",1,1,"Suspect",-0.004102,-0.0099503,20.00867224,"C6H2F6O2","CF2",49.99680644,3,"C3H2O2","neutral",70.0054793,219.995898,8,5,-0.00652600805398151,219.99247392723,210.316,"4,4,5,5,6,6-Hexafluorohex-2-ynoic acid",NA
5235,20.005024619738,NA,NA,NA,NA,NA,NA,NA,NA,NA,NA,NA,NA,NA,NA,NA,NA,NA,NA,8,5,-0.00630244628280252,319.985863259738,243.2975,NA,NA
2663.5,20.004668066119,NA,NA,NA,NA,NA,NA,NA,NA,NA,NA,NA,NA,NA,NA,NA,NA,NA,NA,8,5,-0.00594586988881929,369.982313146119,342.444,NA,NA
1435,20.004429907631,NA,NA,NA,NA,NA,NA,NA,NA,NA,NA,NA,NA,NA,NA,NA,NA,NA,NA,8,5,-0.00570769618838085,419.978881427631,468.212,NA,NA
1684.5,20.003566357351,NA,NA,NA,NA,NA,NA,NA,NA,NA,NA,NA,NA,NA,NA,NA,NA,NA,NA,8,5,-0.00484409074891801,469.974824317351,575.218,NA,NA
4843,22.228831214873,NA,NA,NA,NA,NA,NA,NA,NA,NA,NA,NA,NA,NA,NA,NA,NA,NA,NA,9,3,-0.23025108768627,272.212863414873,390.551,NA,NA
705,22.229073427547,NA,NA,NA,NA,NA,NA,NA,NA,NA,NA,NA,NA,NA,NA,NA,NA,NA,NA,9,3,-0.230493315831666,322.209912067547,569.889,NA,NA
2322,22.229485678916,NA,NA,NA,NA,NA,NA,NA,NA,NA,NA,NA,NA,NA,NA,NA,NA,NA,NA,9,3,-0.230905593533294,422.203937198916,617.4445,NA,NA
1608,26.637065348546,NA,NA,NA,NA,NA,NA,NA,NA,NA,NA,NA,NA,NA,NA,NA,NA,NA,NA,10,3,0.361233201452023,726.592355508546,783.183,NA,NA
7969,26.636749556456,NA,NA,NA,NA,NA,NA,NA,NA,NA,NA,NA,NA,NA,NA,NA,NA,NA,NA,10,3,0.361549013713329,826.585652596456,784.414,NA,NA
2725.5,26.6348090140569,NA,NA,NA,NA,NA,NA,NA,NA,NA,NA,NA,NA,NA,NA,NA,NA,NA,NA,10,3,0.363489680065072,926.577324934057,888.5875,NA,NA
6882,27.999004610033,"PFASMASTER_Chemical List -2024-01-11.csv","KCCPNPRWYDZVOE-UHFFFAOYNA-N","C8H2F14O4","OC(=O)C(F)(F)C(F)C(F)(F)OC(F)(F)C(F)(F)C(F)(F)OC(F)(F)F",1,3,"Suspect",-0.027047,-0.000289892,27.99850148,"C8H2F14O4","CF2",49.99680644,7,"C1H2O4","neutral",77.99530854,427.972953,11,3,-0.000793054286361894,427.973456130033,324.047,"2,2,3,4,4-Pentafluoro-4-[1,1,2,2,3,3-hexafluoro-3-(trifluoromethoxy)propoxy]butanoic acid",NA
7409.5,27.998094203222,"PFASMASTER_Chemical List -2024-01-11.csv","YTYGAJLZOJPJGH-UHFFFAOYSA-N","C17H7Cl2F9N2O3","FC(C(F)(F)F)C(F)(F)OC1=C(Cl)C=C(NC(=O)NC(=O)C2=C(F)C=CC=C2F)C(F)=C1Cl",2,3,"Suspect",-0.030999,-0.002725168,28.0009366,"C17H7Cl2F9N2O3","CF2",49.99680644,4,"C13H7F1N2O3Cl2","neutral",327.9817757,527.969001,11,3,0.000117410677148655,527.966158603222,565.688,"Noviflumuron",NA
5699,27.9973518988739,"OECDPFAS_list_22012019.csv","AJMAYLFJZQYRHN-UHFFFAOYSA-N","C12H5F21O3S","OS(=O)(=O)CCC(F)(F)C(F)(F)C(F)(F)C(F)(F)C(F)(F)C(F)(F)C(F)(F)C(F)(F)C(F)(F)C(F)(F)F",1,2,"Suspect",-0.0375934,-0.002517874,28.00072932,"C12H5F21O3S","CF2",49.99680644,10,"C2H5F1O3S1","neutral",127.9943432,627.9624066,11,3,0.000859762440086342,627.959029178874,641.973,"10:2 Fluorotelomer sulfonic acid",NA
512,28.008434683358,"PFASSTRUCTV5_Chemical List -2024-03-04.csv","FROJKGLPWQKKOL-UHFFFAOYSA-N","C3H3F3O2","OCC(=O)C(F)(F)F",1,2,"Suspect",0.008514,-0.01669058,28.01490112,"C3H3F3O2","CF2",49.99680644,1,"C2H3F1O2","neutral",78.01170756,128.008514,12,3,-0.0102237299599039,128.002047563358,253.863,"1,1,1-Trifluoro-3-hydroxypropan-2-one",NA
734,28.012135439752,"PFASMASTER_Chemical List -2024-01-11.csv","XVQMYDZWOXOBMD-UHFFFAOYSA-N","C9H6F15O3P","OP(O)(=O)CCC(F)(F)C(F)(F)C(F)(F)C(F)(F)C(F)(F)C(F)(F)C(F)(F)F",2,1,"Suspect",-0.018497,-0.012034202,28.01024504,"C9H6F15O3P","CF2",49.99680644,7,"C2H6F1O3P1","neutral",128.0038589,477.981503,12,3,-0.0139247227407964,477.983393399752,479.495,"(3,3,4,4,5,5,6,6,7,7,8,8,9,9,9-pentadecafluorononyl)phosphonic acid",NA
1373.5,28.010800748876,"PFAS Suspect List_v1.8.csv","VJZRKDTXAPCWAF-UHFFFAOYSA-N","C12H3F21O2","C(C(C(C(C(C(C(C(C(C(C(=O)O)(F)F)(F)F)(F)F)(F)F)(F)F)(F)F)(F)F)(F)F)(F)F)C(F)(F)F",1,1,"Suspect",-0.020228,-0.01669062,28.01490116,"C12H3F21O2","CF2",49.99680644,10,"C2H3F1O2","neutral",78.01170756,577.979772,12,3,-0.0125899466110013,577.975671588876,632.213,"Dihydrogen-substituted perfluoroDodecanoic Acid;perfluorobutane carboxylate (+2H -2F), 2-Hydro substituted perfluorocarboxylates",NA
754,29.000365858667,NA,NA,NA,NA,NA,NA,NA,NA,NA,NA,NA,NA,NA,NA,NA,NA,NA,NA,13,3,-0.00221826515024759,428.974817378667,324.047,NA,NA
886,29.001207051163,NA,NA,NA,NA,NA,NA,NA,NA,NA,NA,NA,NA,NA,NA,NA,NA,NA,NA,13,3,-0.0030595113776144,528.969271451163,565.688,NA,NA
885,29.000738987568,NA,NA,NA,NA,NA,NA,NA,NA,NA,NA,NA,NA,NA,NA,NA,NA,NA,NA,13,3,-0.00259141788490069,628.962416267568,640.609,NA,NA
14825.5,33.338880866057,NA,NA,NA,NA,NA,NA,NA,NA,NA,NA,NA,NA,NA,NA,NA,NA,NA,NA,14,3,-0.341010396400293,533.306945266057,547.9655,NA,NA
1192.5,33.342132609034,NA,NA,NA,NA,NA,NA,NA,NA,NA,NA,NA,NA,NA,NA,NA,NA,NA,NA,14,3,-0.344262347083259,583.307003449034,641.973,NA,NA
1688,33.339603468484,NA,NA,NA,NA,NA,NA,NA,NA,NA,NA,NA,NA,NA,NA,NA,NA,NA,NA,14,3,-0.341733044983698,633.301280748484,718.116,NA,NA
7049,37.525230265129,NA,NA,NA,NA,NA,NA,NA,NA,NA,NA,NA,NA,NA,NA,NA,NA,NA,NA,15,3,0.472372800288554,587.490101105129,686.2045,NA,NA
1991,37.523633837719,NA,NA,NA,NA,NA,NA,NA,NA,NA,NA,NA,NA,NA,NA,NA,NA,NA,NA,15,3,0.473969329670922,737.478923997719,797.964,NA,NA
1116,37.5239372303799,NA,NA,NA,NA,NA,NA,NA,NA,NA,NA,NA,NA,NA,NA,NA,NA,NA,NA,15,3,0.473665917630569,837.47284027038,847.22,NA,NA
7701.5,38.262710404209,NA,NA,NA,NA,NA,NA,NA,NA,NA,NA,NA,NA,NA,NA,NA,NA,NA,NA,16,3,-0.265154445541611,338.243549044209,525.035,NA,NA
943.5,38.265473739733,NA,NA,NA,NA,NA,NA,NA,NA,NA,NA,NA,NA,NA,NA,NA,NA,NA,NA,16,3,-0.267917957574412,388.243118819733,539.352,NA,NA
8354,38.265447524192,NA,NA,NA,NA,NA,NA,NA,NA,NA,NA,NA,NA,NA,NA,NA,NA,NA,NA,16,3,-0.267891740358891,438.239899044192,718.116,NA,NA
4369,42.029969258423,"PFASSTRUCTV5_Chemical List -2024-03-04.csv","DQOGDQIDOONUSK-UHFFFAOYSA-N","C4H5F3O2","CC(C(O)=O)C(F)(F)F",1,1,"Suspect",0.024164,-0.033235833,42.03055112,"C4H5F3O2","CF2",49.99680644,1,"C3H5F1O2","neutral",92.02735762,142.024164,17,3,-0.0326539344689536,142.023582138423,226.833,"3,3,3-Trifluoro-2-methylpropanoic acid",NA
2393.5,42.02961142219,"PFASMASTER_Chemical List -2024-01-11.csv","DOCGOFVOYOGHQA-UHFFFAOYSA-N","C7H2F12N2","FC(F)(F)C1(NC(N=C1)(C(F)(F)F)C(F)(F)F)C(F)(F)F",1,2,"Suspect",0.002636,-0.024481514,42.02179736,"C7H2F12N2","CF2",49.99680644,6,"C1H2N2","neutral",42.02179806,342.002636,17,3,-0.0322960753790653,342.01045006219,253.863,"2,2,5,5-Tetrakis(trifluoromethyl)-3-imidazoline",NA
1427.5,42.027290562276,"PFASMASTER_Chemical List -2024-01-11.csv","GXAYDBPZTYVRQO-UHFFFAOYSA-N","C13H8Cl2F8N4","CCNC1=NC(=NN1C1=C(Cl)C=C(C=C1Cl)C(F)(F)F)C(F)(F)C(F)(F)F",1,4,"Suspect",-0.000173,-0.028059863,42.02537548,"C13H8Cl2F8N4","CF2",49.99680644,4,"C9H8N4Cl2","neutral",242.0126016,441.999827,17,3,-0.0299750672195387,442.001742082276,406.117,"1H-​1,​2,​4-​Triazol-​5-​amine, 1-​[2,​6-​dichloro-​4-​(trifluoromethyl)​phenyl]​-​N-​ethyl-​3-​(1,​1,​2,​2,​2-​pentafluoroethyl)​-",NA
1052.5,48.50677369383,NA,NA,NA,NA,NA,NA,NA,NA,NA,NA,NA,NA,NA,NA,NA,NA,NA,NA,18,3,0.490127922428542,548.47483809383,690.761,NA,NA
1145,48.5074575631299,NA,NA,NA,NA,NA,NA,NA,NA,NA,NA,NA,NA,NA,NA,NA,NA,NA,NA,18,3,0.489444009446288,698.46594128313,727.228,NA,NA
1431,48.509894481203,NA,NA,NA,NA,NA,NA,NA,NA,NA,NA,NA,NA,NA,NA,NA,NA,NA,NA,18,3,0.487006935714476,748.465184641203,780.718,NA,NA
4678.5,48.981172116237,"TargetsList_20240719.csv","FUVKFLJWBHVMHX-UHFFFAOYSA-N","C4H2F9NO2S","[H]N([H])S(=O)(=O)C(F)(F)C(F)(F)C(F)(F)C(F)(F)F",NA,NA,"Target",NA,NA,NA,NA,NA,NA,NA,NA,NA,NA,298.9662529,19,6,0.0156991976895711,298.965204316237,213.318,"Perfluorobutanesulfonamide","FBSA"
14099,48.981344846015,"TargetsList_20240719.csv","KTCODRNGNIXYDE-UHFFFAOYSA-N","C5H2F11NO2S","NS(=O)(=O)C(F)(F)C(F)(F)C(F)(F)C(F)(F)C(F)(F)F",NA,NA,"Target",NA,NA,NA,NA,NA,NA,NA,NA,NA,NA,348.9630593,19,6,0.0155264568783764,348.962183486015,235.845,"Perfluoropentane sulfonamide","FPeSA"
9486,48.980620491484,"TargetsList_20240719.csv","WDZLGCSJJWEQJO-UHFFFAOYSA-N","C6H2F13NO2S","NS(=O)(=O)C(F)(F)C(F)(F)C(F)(F)C(F)(F)C(F)(F)C(F)(F)F",NA,NA,"Target",NA,NA,NA,NA,NA,NA,NA,NA,NA,NA,398.9598656,19,6,0.0162508576777896,398.958265571484,275.518,"Perfluorohexanesulfonamide","FHxSA"
3746.5,48.980306997816,"TargetsList_20240719.csv","ZYBNLNNCZHCXAC-UHFFFAOYSA-N","C7H2F15NO2S","NS(=O)(=O)C(F)(F)C(F)(F)C(F)(F)C(F)(F)C(F)(F)C(F)(F)C(F)(F)F",NA,NA,"Target",NA,NA,NA,NA,NA,NA,NA,NA,NA,NA,448.9566719,19,6,0.0165643713702934,448.954758517816,360.838,"Perfluoroheptane sulfonamide","FHpSA"
5223,48.979793502262,"TargetsList_20240719.csv","RRRXPPIDPYTNJG-UHFFFAOYSA-N","C8H2F17NO2S","NS(=O)(=O)C(F)(F)C(F)(F)C(F)(F)C(F)(F)C(F)(F)C(F)(F)C(F)(F)C(F)(F)F",NA,NA,"Target",NA,NA,NA,NA,NA,NA,NA,NA,NA,NA,498.9534783,19,6,0.0170778997239722,498.951051462262,499.011,"Perfluorooctanesulfonamide","FOSA"
6111,48.978040475734,"TargetsList_20240719.csv","YUXIIBHHAPNFCQ-UHFFFAOYSA-N","C10H2F21NO2S","NS(=O)(=O)C(F)(F)C(F)(F)C(F)(F)C(F)(F)C(F)(F)C(F)(F)C(F)(F)C(F)(F)C(F)(F)C(F)(F)F",NA,NA,"Target",NA,NA,NA,NA,NA,NA,NA,NA,NA,NA,598.9470909,19,6,0.0188310382269492,598.942911315734,636.518,"Perfluoro-1-decanesulfonamide","FDSA"
830.5,49.33745314763,NA,NA,NA,NA,NA,NA,NA,NA,NA,NA,NA,NA,NA,NA,NA,NA,NA,NA,20,3,-0.340604591253964,449.31190466763,403.288,NA,NA
1852,49.33307750671,NA,NA,NA,NA,NA,NA,NA,NA,NA,NA,NA,NA,NA,NA,NA,NA,NA,NA,20,3,-0.336228670838636,499.30433546671,620.1725,NA,NA
2478,49.335013024944,NA,NA,NA,NA,NA,NA,NA,NA,NA,NA,NA,NA,NA,NA,NA,NA,NA,NA,20,3,-0.338164312704521,549.303077424944,664.4125,NA,NA
8595,49.965479813431,"TargetsList_20240719.csv","XBWQFDNGNOOMDZ-UHFFFAOYSA-N","C3HF7O3S","OS(=O)(=O)C(F)(F)C(F)(F)C(F)(F)F",NA,NA,"Target",NA,NA,NA,NA,NA,NA,NA,NA,NA,NA,249.9534622,21,4,0.0313286275660687,249.952705573431,204.311,"Perfluoropropanesulfonic acid","PFPrS"
23923,49.9650405926,"TargetsList_20240719.csv","QZHDEAJFRJCDMF-UHFFFAOYSA-N","C6HF13O3S","OS(=O)(=O)C(F)(F)C(F)(F)C(F)(F)C(F)(F)C(F)(F)C(F)(F)F",NA,NA,"Target",NA,NA,NA,NA,NA,NA,NA,NA,NA,NA,399.9438812,21,4,0.0317678764523635,399.9426856726,293.327,"Perfluorohexanesulfonic acid","PFHxS"
18477,49.963300420466,"TargetsList_20240719.csv","MNEXVZFQQPKDHC-UHFFFAOYSA-N","C9HF19O3S","OS(=O)(=O)C(F)(F)C(F)(F)C(F)(F)C(F)(F)C(F)(F)C(F)(F)C(F)(F)C(F)(F)C(F)(F)F",NA,NA,"Target",NA,NA,NA,NA,NA,NA,NA,NA,NA,NA,549.9343002,21,4,0.0335081597404496,549.931364820466,602.458,"Perfluorononanesulfonic acid","PFNS"
14523,49.96307423715,"TargetsList_20240719.csv","HYWZIAVPBSTISZ-UHFFFAOYSA-N","C10HF21O3S","OS(=O)(=O)C(F)(F)C(F)(F)C(F)(F)C(F)(F)C(F)(F)C(F)(F)C(F)(F)C(F)(F)C(F)(F)C(F)(F)F",NA,NA,"Target",NA,NA,NA,NA,NA,NA,NA,NA,NA,NA,599.9311065,21,4,0.0337343575039313,599.92794507715,632.43,"Perfluorodecanesulfonic acid","PFDS"
